model,target,split,unit,n,r2,pearson,spearman,mae,rmse,ci_coverage,ci_mean_width,ci_median_width,pi_coverage,pi_mean_width,pi_median_width
pivae_q,Q_1kW,test_aug28,kW,17280,0.9946844784173585,0.9974539327102951,0.9922553774512223,0.042240041167235745,0.07201021589196287,0.05150462962962963,0.0024070165258802336,0.0022439273124736647,0.9447337962962963,0.3056457499020894,0.3056550001694185
xgb_q,Q_1kW,test_aug28,kW,17280,0.9971685140230085,0.9986445715662908,0.9938559780408753,0.031508419125243055,0.05255673500387642,,,,,,
xgb_t,T_out_1C,test_aug28,degC,17280,0.9978487609708715,0.9989719451770862,0.9957280186989645,0.10647841730324072,0.17104493574219853,,,,,,
hybrid_t,T_out_1C,test_aug28,degC,17280,0.9979683700975278,0.998988254617361,0.9963589986670497,0.10343122766203697,0.16622187777320963,,,,,,
xgb_q_t,T_out_1C,test_aug28,degC,17280,0.997261861869074,0.9986392289150945,0.9956418764153314,0.11449906174768512,0.19297167322918582,,,,,,
pivae_q,Q_1kW,train_fit,kW,130048,0.9924182242301013,0.9962023521306529,0.9972286672751718,0.030862421325924785,0.07807522425841198,0.05205001230314961,0.002397306154865043,0.0022701788726392502,0.96458999753937,0.30565465525858604,0.305622345121713
pivae_q,Q_1kW,train_oof,kW,130048,0.9343226369967876,0.9697782021729796,0.9769002533367952,0.11671410089365195,0.22979238141971053,0.02742064468503937,0.0031642249654501545,0.002932048145440236,0.7851485605314961,0.305164736741389,0.2961600344735738
xgb_q,Q_1kW,train_fit,kW,130048,0.9990908269837145,0.9995458092460545,0.9994252331408011,0.013037167389657503,0.027036535587444975,,,,,,
xgb_t,T_out_1C,train_fit,degC,130048,0.9993214373688435,0.9996608973647508,0.9996403340935948,0.04225953998523624,0.08698907177486191,,,,,,
hybrid_t,T_out_1C,train_stage2_fit_oof_q,degC,130048,0.9992604406671685,0.999630450127486,0.9995936513385035,0.04481433747539373,0.09081471788041223,,,,,,
xgb_q_t,T_out_1C,train_stage2_fit_oof_q,degC,130048,0.9992749855771278,0.9996377073209913,0.9995953259049868,0.044832113127460625,0.08991725706228029,,,,,,
xgb_q,Q_1kW,train_oof,kW,130048,0.9622949004366715,0.9809941993351262,0.9899935038647621,0.090636240042703,0.17411164481192853,,,,,,
